<?xml version="1.0" encoding="UTF-8"?>
<GenRun Id="impl_1" LaunchPart="xc7a35tcpg236-1" LaunchTime="1633478479">
  <File Type="RCFI_FILE" Name="wrap_around_led.rcfi"/>
  <File Type="ROUTE-METHODOLOGY-DRC-RPX" Name="wrap_around_led_methodology_drc_routed.rpx"/>
  <File Type="ROUTE-DRC-RPX" Name="wrap_around_led_drc_routed.rpx"/>
  <File Type="ROUTE-METHODOLOGY-DRC-PB" Name="wrap_around_led_methodology_drc_routed.pb"/>
  <File Type="ROUTE-METHODOLOGY-DRC" Name="wrap_around_led_methodology_drc_routed.rpt"/>
  <File Type="POSTROUTE-PHYSOPT-BLACKBOX-DCP" Name="wrap_around_led_postroute_physopt_bb.dcp"/>
  <File Type="POSTROUTE-PHYSOPT-DCP" Name="wrap_around_led_postroute_physopt.dcp"/>
  <File Type="PHYSOPT-DCP" Name="wrap_around_led_physopt.dcp"/>
  <File Type="POSTPLACE-PWROPT-DCP" Name="wrap_around_led_postplace_pwropt.dcp"/>
  <File Type="PWROPT-DCP" Name="wrap_around_led_pwropt.dcp"/>
  <File Type="PLACE-DCP" Name="wrap_around_led_placed.dcp"/>
  <File Type="OPT-DCP" Name="wrap_around_led_opt.dcp"/>
  <File Type="ROUTE-BUS-SKEW" Name="wrap_around_led_bus_skew_routed.rpt"/>
  <File Type="ROUTE-CLK" Name="wrap_around_led_clock_utilization_routed.rpt"/>
  <File Type="ROUTE-TIMING-RPX" Name="wrap_around_led_timing_summary_routed.rpx"/>
  <File Type="BITSTR-LTX" Name="debug_nets.ltx"/>
  <File Type="BITSTR-LTX" Name="wrap_around_led.ltx"/>
  <File Type="BITSTR-SYSDEF" Name="wrap_around_led.sysdef"/>
  <File Type="BITSTR-MMI" Name="wrap_around_led.mmi"/>
  <File Type="BITSTR-BMM" Name="wrap_around_led_bd.bmm"/>
  <File Type="BITSTR-NKY" Name="wrap_around_led.nky"/>
  <File Type="BITSTR-RBT" Name="wrap_around_led.rbt"/>
  <File Type="ROUTE-BUS-SKEW-RPX" Name="wrap_around_led_bus_skew_routed.rpx"/>
  <File Type="REPORTS-TCL" Name="wrap_around_led_reports.tcl"/>
  <File Type="RBD_FILE" Name="wrap_around_led.rbd"/>
  <File Type="BITSTR-MSK" Name="wrap_around_led.msk"/>
  <File Type="ROUTE-BUS-SKEW-PB" Name="wrap_around_led_bus_skew_routed.pb"/>
  <File Type="PA-TCL" Name="wrap_around_led.tcl"/>
  <File Type="ROUTE-TIMING-PB" Name="wrap_around_led_timing_summary_routed.pb"/>
  <File Type="OPT-DRC" Name="wrap_around_led_drc_opted.rpt"/>
  <File Type="NPI_FILE" Name="wrap_around_led.npi"/>
  <File Type="BG-BIN" Name="wrap_around_led.bin"/>
  <File Type="ROUTE-TIMINGSUMMARY" Name="wrap_around_led_timing_summary_routed.rpt"/>
  <File Type="RNPI_FILE" Name="wrap_around_led.rnpi"/>
  <File Type="BG-BGN" Name="wrap_around_led.bgn"/>
  <File Type="ROUTE-BLACKBOX-DCP" Name="wrap_around_led_routed_bb.dcp"/>
  <File Type="WBT-USG" Name="usage_statistics_webtalk.html"/>
  <File Type="RDI-RDI" Name="wrap_around_led.vdi"/>
  <File Type="CFI_FILE" Name="wrap_around_led.cfi"/>
  <File Type="BG-DRC" Name="wrap_around_led.drc"/>
  <File Type="ROUTE-ERROR-DCP" Name="wrap_around_led_routed_error.dcp"/>
  <File Type="PDI-FILE" Name="wrap_around_led.pdi"/>
  <File Type="BG-BIT" Name="wrap_around_led.bit"/>
  <File Type="ROUTE-STATUS-PB" Name="wrap_around_led_route_status.pb"/>
  <File Type="OPT-HWDEF" Name="wrap_around_led.hwdef"/>
  <File Type="PLACE-IO" Name="wrap_around_led_io_placed.rpt"/>
  <File Type="PLACE-UTIL" Name="wrap_around_led_utilization_placed.rpt"/>
  <File Type="PLACE-UTIL-PB" Name="wrap_around_led_utilization_placed.pb"/>
  <File Type="PLACE-CTRL" Name="wrap_around_led_control_sets_placed.rpt"/>
  <File Type="PLACE-PRE-SIMILARITY" Name="wrap_around_led_incremental_reuse_pre_placed.rpt"/>
  <File Type="ROUTE-DRC" Name="wrap_around_led_drc_routed.rpt"/>
  <File Type="ROUTE-DRC-PB" Name="wrap_around_led_drc_routed.pb"/>
  <File Type="ROUTE-PWR" Name="wrap_around_led_power_routed.rpt"/>
  <File Type="ROUTE-PWR-SUM" Name="wrap_around_led_power_summary_routed.pb"/>
  <File Type="ROUTE-PWR-RPX" Name="wrap_around_led_power_routed.rpx"/>
  <File Type="ROUTE-STATUS" Name="wrap_around_led_route_status.rpt"/>
  <File Type="ROUTE-DCP" Name="wrap_around_led_routed.dcp"/>
  <FileSet Name="sources" Type="DesignSrcs" RelSrcDir="$PSRCDIR/sources_1" RelGenDir="$PGENDIR/sources_1">
    <Filter Type="Srcs"/>
    <File Path="$PSRCDIR/sources_1/new/clk_divider_1Hz.v">
      <FileInfo>
        <Attr Name="UsedIn" Val="synthesis"/>
        <Attr Name="UsedIn" Val="implementation"/>
        <Attr Name="UsedIn" Val="simulation"/>
      </FileInfo>
    </File>
    <File Path="$PSRCDIR/sources_1/new/counter_8_bit.v">
      <FileInfo>
        <Attr Name="UsedIn" Val="synthesis"/>
        <Attr Name="UsedIn" Val="implementation"/>
        <Attr Name="UsedIn" Val="simulation"/>
      </FileInfo>
    </File>
    <File Path="$PSRCDIR/sources_1/new/wrap_around_led.v">
      <FileInfo>
        <Attr Name="UsedIn" Val="synthesis"/>
        <Attr Name="UsedIn" Val="implementation"/>
        <Attr Name="UsedIn" Val="simulation"/>
      </FileInfo>
    </File>
    <Config>
      <Option Name="DesignMode" Val="RTL"/>
      <Option Name="TopModule" Val="wrap_around_led"/>
      <Option Name="TopAutoSet" Val="TRUE"/>
    </Config>
  </FileSet>
  <FileSet Name="constrs_in" Type="Constrs" RelSrcDir="$PSRCDIR/constrs_1">
    <Filter Type="Constrs"/>
    <File Path="$PSRCDIR/constrs_1/new/const.xdc">
      <FileInfo>
        <Attr Name="UsedIn" Val="synthesis"/>
        <Attr Name="UsedIn" Val="implementation"/>
      </FileInfo>
    </File>
    <Config>
      <Option Name="ConstrsType" Val="XDC"/>
    </Config>
  </FileSet>
  <FileSet Name="utils" Type="Utils" RelSrcDir="$PSRCDIR/utils_1">
    <Filter Type="Utils"/>
    <Config>
      <Option Name="TopAutoSet" Val="TRUE"/>
    </Config>
  </FileSet>
  <Strategy Version="1" Minor="2">
    <StratHandle Name="Vivado Implementation Defaults" Flow="Vivado Implementation 2021"/>
    <Step Id="init_design"/>
    <Step Id="opt_design"/>
    <Step Id="power_opt_design"/>
    <Step Id="place_design"/>
    <Step Id="post_place_power_opt_design"/>
    <Step Id="phys_opt_design"/>
    <Step Id="route_design"/>
    <Step Id="post_route_phys_opt_design"/>
    <Step Id="write_bitstream"/>
    <Step Id="write_device_image"/>
  </Strategy>
</GenRun>
